Nombre del producto,Tipo de producto,Categoría,Florero,Contenedor,Material del contenedor,Colores,Insumos,Variantes_Tamaños,Dimensiones_Tamaños,Variantes_Ruedo,Variantes_Colores,Precio,precio_base,Cuidados
Boîte de Invierno,Arreglo floral horizontal,Flores en Plantas,Sí,Caja o base metálica rectangular,Metal y oasis floral,"Azul, verde, blanco",Flores mixtas de temporada,,70 × 30 cm,,"Azul, verde, blanco",$97.000,$97.000,"Para que tu arreglo tenga una vida útil más larga te recomendamos sacarlo por las noches a un lugar frío, porque en general el calor y la falta de agua son el gran enemigo de las flores de corte. Para este último punto, debes checkear con tu dedo que el OASIS (material en donde se acomodan las flores) esté siempre mojado. Ahora, ¿cómo hidratarlas? Nunca debes 'regar' ni rociar las flores por encima, sino que hacer un espacio para que el agua —con tu regadera o botella— llegue directamente al OASIS. Retira las flores que estén moribundas, así evitas la acumulación de bacterias y las que quedan se verán más frescas. El arreglo de las fotos es de tamaño '70 × 30 cms' / El envío no está incluido en este precio."
Frutera Pascual,Arreglo floral en florero,Flores recién cortadas en Regalos,Sí,Frutera de vidrio,Vidrio transparente,"Rojos, rosados, verdes",Flores mixtas de temporada,,40 × 50 cm,,"Rojos, rosados, verdes",$85.000,$85.000,"Para que tus flores tengan una vida más larga debes evitar el sol directo o cualquier fuente de calor obvia (como un calefactor por ejemplo). Algunas flores pueden morir antes que otras, sobre todo en este arreglo en donde hay distintos tipos y variedades, por lo que te recomendamos que vayas sacando aquellas que estén moribundas para evitar la acumulación de bacterias y se vean más frescas las que quedan! Preocúpate de mantener siempre con agua el florero (al menos hasta la mitad del vidrio) para no deshidratar las flores. El arreglo de las fotos es de tamaño '40 × 50 cms' / El envío no está incluido en este precio."
Boîte Amour,Arreglo floral horizontal,Flores en Plantas,Sí,Base rectangular baja,Madera o cerámica,"Rosados, rojos, verdes",Flores mixtas de temporada,,70 × 30 cm,,"Rosados, rojos, verdes",$97.000,$97.000,"Para que tu arreglo tenga una vida útil más larga te recomendamos sacarlo por las noches a un lugar frío, porque en general el calor y la falta de agua son el gran enemigo de las flores de corte. Para este último punto, debes checkear con tu dedo que el OASIS (material en donde se acomodan las flores) esté siempre mojado. Ahora, ¿cómo hidratarlas? Nunca debes 'regar' ni rociar las flores por encima, sino que hacer un espacio para que el agua —con tu regadera o botella— llegue directamente al OASIS. Retira las flores que estén moribundas, así evitas la acumulación de bacterias y las que quedan se verán más frescas. El arreglo de las fotos es de tamaño '70 × 30 cms' / El envío no está incluido en este precio."
Paila Claus,Arreglo floral navideño,Flores en Plantas,Sí,Paila decorativa,Cerámica,"Rojos, verdes",Flores mixtas de temporada,"M, L","M: 40×50, L: 50×65",,"Rojos, verdes","M — $90.000, L — $120.000",,"Para que tu arreglo tenga una vida útil más larga te recomendamos sacarlo por las noches a un lugar frío, porque en general el calor y la falta de agua son el gran enemigo de las flores de corte. Para este último punto, debes checkear con tu dedo que el OASIS (material en donde se acomodan las flores) esté siempre mojado. Ahora, ¿cómo hidratarlas? Nunca debes 'regar' ni rociar las flores por encima, sino que hacer un espacio para que el agua —con tu regadera o botella— llegue directamente al OASIS. Retira las flores que estén moribundas, así evitas la acumulación de bacterias y las que quedan se verán más frescas. El arreglo de las fotos es de tamaño M '40 × 50 cms' / El envío no está incluido en este precio."
Pino Navideño,Arreglo floral con forma de pino,Coronas en Coronas y guirnaldas,No,Base estructurada en OASIS,Flores naturales y follaje,"Rojos, naranjos, verdes",Flores y follaje,"45 cm, 60 cm",,,"Rojos, naranjos, verdes","Este diseño se ha convertido en un clásico de nuestras Navidades. Su estructura está hecha en oasis para que las flores continúen hidratándose, por lo tanto hay que considerar el peso a la hora de manipularlo... ¡con mucho cuidado! Te aconsejamos que con una botella o regadera le chorrees agua poco a poco desde la punta del pino para que vaya permeando y rehidratando. Repite todos los días.",,
Red Charm,Arreglo floral alto,Flores en Plantas,Sí,Florero cilíndrico de vidrio,Vidrio,"Rojo, verde",Flores mixtas de temporada,,60 × 70 cm,,"Rojo, verde",$150.000,$150.000,"Para que tu arreglo tenga una vida útil más larga te recomendamos sacarlo por las noches a un lugar frío, porque en general el calor y la falta de agua son el gran enemigo de las flores de corte. Para este último punto, debes checkear con tu dedo que el OASIS (material en donde se acomodan las flores) esté siempre mojado. Ahora, ¿cómo hidratarlas? Nunca debes 'regar' las flores por encima, sino que hacer un espacio para que el agua -con tu regadera o botella- llegue directamente al OASIS. Retira las flores que estén moribundas, así evitas la acumulación de bacterias y las que quedan se verán más frescas. El arreglo de las fotos es de tamaño '60 × 70 cms' / El envío no está incluido en este precio."
Corona Rosas,Corona floral decorativa,Coronas y guirnaldas en Decoración,No,Base circular de espuma floral,Espuma floral,"Rojos, verdes",Rosas,,80–90 cm de ruedo,,"Rojos, verdes",$320.000,$320.000,80–90 cms de ruedo
Brisero Polo Sur,Arreglo floral alto,Flores en Plantas,Sí,Florero verde alto,Vidrio,"Naranjo, coral, rojo, verde",Flores mixtas de temporada,"S, M, L","S: 50×40, M: 70×65, L: 80×70",,"Naranjo, coral, rojo, verde","S — $90.000, M — $120.000, L — $180.000",,"Para que tu arreglo tenga una vida útil más larga te recomendamos sacarlo por las noches a un lugar frío, porque en general el calor y la falta de agua son el gran enemigo de las flores de corte. Para este último punto, debes checkear con tu dedo que el OASIS (material en donde se acomodan las flores) esté siempre mojado. Ahora, ¿cómo hidratarlas? Nunca debes 'regar' las flores por encima, sino que hacer un espacio para que el agua -con tu regadera o botella- llegue directamente al OASIS. Retira las flores que estén moribundas, así evitas la acumulación de bacterias y las que quedan se verán más frescas. El arreglo de las fotos es de tamaño M '70 × 65 cms' / El envío no está incluido en este precio."
Cerámica Rectangular Alta,Florero decorativo,Floreros en Decoración,Sí,Florero rectangular vertical,Cerámica esmaltada,"Amarillo, blanco",—,,,,"Amarillo, blanco",$35.000,$35.000,Florero decorativo de cerámica esmaltada. No incluye flores.
Florero Mago A,Florero decorativo individual,Floreros en Decoración,Sí,Florero tipo copa,Vidrio opalino,Verde agua,—,,Pequeño (20–25 cm alto),,Verde agua,$14.000,$14.000,"Florero de vidrio perfecto para veladores, baño o cualquier lugar más pequeño. También una gran idea es juntar de a varios y hacer un conjunto como para centros de mesa por ejemplo. Florero no incluye flores."
Florero Mago B,Florero decorativo individual,Floreros en Decoración,Sí,Florero tipo cáliz,Vidrio opalino,Verde agua,—,,Pequeño (20–25 cm alto),,Verde agua,$14.000,$14.000,"Florero de vidrio perfecto para veladores, baño o cualquier lugar más pequeño. También una gran idea es juntar de a varios y hacer un conjunto como para centros de mesa por ejemplo. Florero no incluye flores."
Florero Mago C,Florero decorativo individual,Floreros en Decoración,Sí,Florero tipo cáliz,Vidrio opalino blanco,Blanco,—,,Pequeño (20–25 cm alto),,Blanco,$14.000,$14.000,"Florero de vidrio perfecto para veladores, baño o cualquier lugar más pequeño. También una gran idea es juntar de a varios y hacer un conjunto como para centros de mesa por ejemplo. Florero no incluye flores."
Florero Mago D,Florero decorativo individual,Floreros en Decoración,Sí,Florero tipo copa,Vidrio opalino blanco,Blanco,—,,Pequeño (20–25 cm alto),,Blanco,$14.000,$14.000,"Florero de vidrio perfecto para veladores, baño o cualquier lugar más pequeño. También una gran idea es juntar de a varios y hacer un conjunto como para centros de mesa por ejemplo. Florero no incluye flores."
Florero Mago E,Florero decorativo individual,Floreros en Decoración,Sí,Florero tipo cáliz,Vidrio opalino gris perlado,Gris claro,—,,Pequeño (20–25 cm alto),,Gris claro,$14.000,$14.000,"Florero de vidrio perfecto para veladores, baño o cualquier lugar más pequeño. También una gran idea es juntar de a varios y hacer un conjunto como para centros de mesa por ejemplo. Florero no incluye flores."
Campana Donna,Arreglo floral mediano,Flores en Plantas,Sí,Florero cilíndrico de vidrio,Vidrio,"Lila, violeta, verde",Flores mixtas de temporada,,55 × 40 cm,,"Lila, violeta, verde",$84.000,$84.000,"Las flores pueden variar debido a las temporadas, se mantiene siempre el colorido. Para que tu arreglo tenga una vida útil más larga te recomendamos sacarlo por las noches a un lugar frío, porque en general el calor y la falta de agua son el gran enemigo de las flores de corte. Para este último punto, debes checkear con tu dedo que el OASIS (material en donde se acomodan las flores) esté siempre mojado. Ahora, ¿cómo hidratarlas? Nunca debes 'regar' las flores por encima, sino que hacer un espacio para que el agua -con tu regadera o botella- llegue directamente al OASIS. Retira las flores que estén moribundas, así evitas la acumulación de bacterias y las que quedan se verán más frescas. El arreglo de las fotos es de tamaño '55 × 40 cms' / El envío no está incluido en este precio."
Matero Dolce,Arreglo floral redondo,Flores recién cortadas en Regalos,Sí,Matero de vidrio,Vidrio transparente,"Rosado, fucsia, verde, violeta",Flores mixtas de temporada,"S, M, L","S: 35×35, M: 42×42, L: 50×50",,"Rosado, fucsia, verde, violeta","Chico — $66.000, Mediano — $87.000, Grande — $112.000",,"Las flores pueden variar debido a las temporadas, se mantiene siempre el colorido. Para que tus flores tengan una vida más larga debes evitar el sol directo o cualquier fuente de calor obvia (como un calefactor por ejemplo). Algunas flores pueden morir antes que otras, sobre todo en este arreglo en donde hay distintos tipos y variedades, por lo que te recomendamos que vayas sacando aquellas que estén moribundas para evitar la acumulación de bacterias y se vean más frescas las que quedan! Preocúpate de mantener siempre con agua el florero para no deshidratar las flores. El arreglo de las fotos es de tamaño '40 × 40 cms' / El envío no está incluido en este precio."
Color Moon XL,Arreglo floral grande,Flores recién cortadas en Regalos,Sí,Florero de vidrio alto,Vidrio,"Multicolor (rosado, violeta, amarillo, naranja)",Flores mixtas de temporada,,70 × 60 cm,,Multicolor,$180.000,$180.000,"Las flores pueden variar debido a las temporadas, se mantiene siempre el colorido. Esta versión de nuestro clásico Moon está hecho con un florero más alto que el que usamos normalmente, agregando más altura e importancia al arreglo. Para que tu arreglo tenga una vida útil más larga te recomendamos sacarlo por las noches a un lugar frío, porque en general el calor y la falta de agua son el gran enemigo de las flores de corte. Para este último punto, debes checkear con tu dedo que el OASIS (material en donde se acomodan las flores) esté siempre mojado. Ahora, ¿cómo hidratarlas? Nunca debes 'regar' las flores por encima, sino que hacer un espacio para que el agua -con tu regadera o botella- llegue directamente al OASIS. Retira las flores que estén moribundas, así evitas la acumulación de bacterias y las que quedan se verán más frescas. El arreglo de las fotos es de tamaño '70 × 60 cms' / El envío no está incluido en este precio."
Cubo Frutal,Arreglo floral pequeño con frutas,Flora artificial en Decoración,Sí,Cubo de vidrio,Vidrio transparente,"Verde, amarillo","Limones o kumquats, flores mixtas",,30 × 25 cm,,"Verde, amarillo",$46.000,$46.000,"Limones o Kumquat son aleatorios, se pondrán sólo de una variedad por arreglo. Para que tu arreglo tenga una vida útil más larga te recomendamos sacarlo por las noches a un lugar frío, porque en general el calor y la falta de agua son el gran enemigo de las flores de corte. Para este último punto, debes checkear con tu dedo que el OASIS (material en donde se acomodan las flores) esté siempre mojado. Ahora, ¿cómo hidratarlas? Nunca debes 'regar' las flores por encima, sino que hacer un espacio para que el agua -con tu regadera o botella- llegue directamente al OASIS. Retira las flores que estén moribundas, así evitas la acumulación de bacterias y las que quedan se verán más frescas. El arreglo de las fotos es de tamaño '30 × 25 cms' / El envío no está incluido en este precio."
Alcalá Rectangular,Arreglo floral rectangular,Flores en Plantas,Sí,Base rectangular de vidrio,Vidrio transparente,"Amarillo, azul, verde",Flores mixtas de temporada,,35 × 25 cm,,"Amarillo, azul, verde",$54.000,$54.000,"Las flores pueden variar debido a las temporadas, se mantiene siempre el colorido. Para que tu arreglo tenga una vida útil más larga te recomendamos sacarlo por las noches a un lugar frío, porque en general el calor y la falta de agua son el gran enemigo de las flores de corte. Para este último punto, debes checkear con tu dedo que el OASIS (material en donde se acomodan las flores) esté siempre mojado. Ahora, ¿cómo hidratarlas? Nunca debes 'regar' las flores por encima, sino que hacer un espacio para que el agua -con tu regadera o botella- llegue directamente al OASIS. Retira las flores que estén moribundas, así evitas la acumulación de bacterias y las que quedan se verán más frescas. El arreglo de las fotos es de tamaño '35 × 25 cms' / El envío no está incluido en este precio."
Gâteau Rosado,Arreglo floral redondo,Flores en Plantas,Sí,Base redonda de vidrio,Vidrio transparente,"Rosado, verde, fucsia",Flores mixtas de temporada,,30 × 40 cm,,"Rosado, verde, fucsia",$83.000,$83.000,"Para que tu arreglo tenga una vida útil más larga te recomendamos sacarlo por las noches a un lugar frío, porque en general el calor y la falta de agua son el gran enemigo de las flores de corte. Para este último punto, debes checkear con tu dedo que el OASIS (material en donde se acomodan las flores) esté siempre mojado. Ahora, ¿cómo hidratarlas? Nunca debes 'regar' las flores por encima, sino que hacer un espacio para que el agua -con tu regadera o botella- llegue directamente al OASIS. Retira las flores que estén moribundas, así evitas la acumulación de bacterias y las que quedan se verán más frescas. El arreglo de las fotos es de tamaño '30 × 40 cms' / El envío no está incluido en este precio."
Gâteau Morado,Arreglo floral redondo,Flores en Plantas,Sí,Base redonda de vidrio,Vidrio transparente,"Morado, verde, violeta",Flores mixtas de temporada,,30 × 40 cm,,"Morado, verde, violeta",$83.000,$83.000,"Para que tu arreglo tenga una vida útil más larga te recomendamos sacarlo por las noches a un lugar frío, porque en general el calor y la falta de agua son el gran enemigo de las flores de corte. Para este último punto, debes checkear con tu dedo que el OASIS (material en donde se acomodan las flores) esté siempre mojado. Ahora, ¿cómo hidratarlas? Nunca debes 'regar' las flores por encima, sino que hacer un espacio para que el agua -con tu regadera o botella- llegue directamente al OASIS. Retira las flores que estén moribundas, así evitas la acumulación de bacterias y las que quedan se verán más frescas. El arreglo de las fotos es de tamaño '30 × 40 cms' / El envío no está incluido en este precio."
Pascual,Ramo de flores frescas,Flores recién cortadas en Regalos,No,Sin contenedor (ramo envuelto con rafia),—,Rojo,Flores rojas (probablemente claveles),,,,Rojo,$55.000,$55.000,"Para una mejor durabilidad hay que dejarlas lejos de sol directo o cualquier fuente de calor directa (por ejemplo radiadores), cambia el agua cada dos días y cada vez que lo hagas ve de cortarle un poco los tallos para que las flores puedan succionar mejor el agua. ¡Ojo! La idea es que no le sueltes la rafia con que viene amarrado, de esa manera conservas la forma del ramo y la distribución de flores."
Silvestre,Ramo de flores frescas,Flores recién cortadas en Regalos,No,Sin contenedor (ramo),—,"Mixtos, naturales, tipo jardín",Flores silvestres mixtas (varían según temporada),,,,"Mixtos, naturales, tipo jardín",$67.000,$67.000,"Para una mejor durabilidad hay que dejarlas lejos de sol directo o cualquier fuente de calor directa (por ejemplo radiadores), cambia el agua cada dos días y cada vez que lo hagas ve de cortarle un poco los tallos para que las flores puedan succionar mejor el agua."
La Crème,Ramo de novia / flores frescas,Flores en Plantas,No,Sin contenedor (ramo redondo),—,Blanco,50 rosas blancas,,,,Blanco,$130.000,$130.000,"Para una mejor durabilidad hay que dejarlas lejos de sol directo o cualquier fuente de calor directa (por ejemplo radiadores), cambia el agua cada dos días y cada vez que lo hagas ve de cortarle un poco los tallos para que las flores puedan succionar mejor el agua."
Ada Jacintos,Bulbos en macetero,Bulbos,No,Base de musgo o vidrio,Vidrio o cerámica,Violeta,Jacintos (bulbos),,20 × 20 × 25 cm,,Violeta,$35.000,$35.000,"Mantener en lugares frescos, nunca con luz directa o cerca de una fuente de calor, y el riego depende de la humedad de la tierra."
Caja 4 Jacintos,Bulbos de plantas y flores,Bulbos de plantas y flores en Semillas,No,Caja rectangular,Madera pintada,"Verde, violeta",Jacintos,,30 × 26 × 25 cm,,"Verde, violeta",$43.000,$43.000,"Mantener en lugares frescos, nunca con luz directa o cerca de una fuente de calor, y el riego depende de la humedad de la tierra."
Amaryllis en Brisero — Blanco,Planta bulbosa en florero,Bulbos de plantas y flores en Semillas / Plantas de interior en macetas,Sí,Brisero (macetero alto),Cerámica o metal,Blanco,Amaryllis,,,,Blanco,$38.000,$38.000,Pasada su floración debes trasplantarlas a tierra o a un macetero con drenaje (con un hoyo) y así podrán florecer cada año si quedan en un lugar óptimo para su desarrollo.
Canasto 360° blancos y verdes,Arreglo floral 360°,Flores en Plantas / Ceremoniales,Sí,Canasto redondo,Fibra vegetal / mimbre,Blanco y verde,Flores mixtas,"S, M, L","S: 35x40, M: 45x50, L: 55x60",360°,Blanco y verde,"S — $55.000, M — $73.000, L — $92.000",,"Las flores pueden variar debido a las temporadas, se mantiene siempre el colorido."
Canasto 360° Colorido,Arreglo floral 360°,Ceremoniales,Sí,Canasto con asa,Fibra vegetal / mimbre,Multicolor,Flores mixtas de temporada,"S, M, L","S: 35x40, M: 45x50, L: 55x60",360°,Multicolor,"S — $64.000, M — $78.000, L — $110.000",,"Las flores pueden variar debido a las temporadas, se mantiene siempre el colorido."
Sobre Urna en Lilas,Arreglo floral funerario,Ceremoniales,No,Base floral (espuma húmeda),Espuma floral / soporte plástico,"Lilas, blanco, verde",Flores mixtas de temporada,"S, M, L","S: 75×50, M: 100×50, L: 140×50",,"Lilas, blanco, verde","S — $100.000, M — $150.000, L — $280.000",,"Las flores pueden variar debido a las temporadas, se mantiene siempre el colorido."
Sobre Urna en blancos y verdes,Arreglo floral funerario,Flores en Plantas / Ceremoniales,No,Base floral (espuma húmeda),Espuma floral / plástico,Blanco y verde,Flores mixtas de temporada (blancas y verdes),"S, M, L","S: 70×50, M: 100×50, L: 140×50",,Blanco y verde,"S — $100.000, M — $150.000, L — $280.000",,"Las flores pueden variar debido a las temporadas, se mantiene siempre el colorido."
Rodón esfera,Arreglo floral redondo,Sin categoría,Sí,Redondo,Metal o base floral,Blanco y verde,"Flores mixtas (rosas, margaritas u otras de temporada)",,60 × 50 cm,,Blanco y verde,$85.000,$85.000,"Las flores dependerán de la estación del año, siempre se respeta el colorido de la composición."
Boina Rosadas,Planta de interior (orquídea),Plantas de interior en macetas,Sí,Maceta decorativa,Cerámica o vidrio,Rosado,Orquídeas,,,,Rosado,$160.000,$160.000,"Las orquídeas deben recibir mucha luz indirecta. Regar cada 10–15 días según humedad del musgo. En invierno, regar entre 11 y 14 hrs; bajo 15°C, no regar. Usar recipiente transparente para permitir fotosíntesis de las raíces. Floración: 1 vez al año, dura 2–4 meses. Cortar tallos secos tras floración. Tip: Si tienes sustrato especial, abonar unas gotitas cada dos semanas."
Cilindro 2L,Planta de interior (orquídea),Ollas en Macetas y tiestos,Sí,Cilíndrico alto,Vidrio o cerámica,Blanco,Orquídeas,,,,Blanco,$85.000,$85.000,"Las orquídeas deben recibir mucha luz indirecta. Regar cada 10–15 días según humedad del musgo. En invierno, regar entre 11 y 14 hrs; bajo 15°C, no regar. Usar recipiente transparente para permitir fotosíntesis de las raíces. Floración: 1 vez al año, dura 2–4 meses. Cortar tallos secos tras floración. Tip: Si tienes sustrato especial, abonar unas gotitas cada dos semanas."
MEI 2L (B),Planta de interior (orquídea),Plantas de interior en macetas,Sí,Macetero pequeño,Vidrio o cerámica,Blanco,Orquídeas,,,,Blanco,$80.000,$80.000,"Las orquídeas deben recibir mucha luz indirecta. Regar cada 10–15 días según humedad del musgo. En invierno, regar entre 11 y 14 hrs; bajo 15°C, no regar. Usar recipiente transparente para permitir fotosíntesis de las raíces. Floración: 1 vez al año, dura 2–4 meses. Cortar tallos secos tras floración. Tip: Si tienes sustrato especial, abonar unas gotitas cada dos semanas."
Arreglo del Día,Arreglo floral con base,Sin categoría (decorativo),Sí,Base de metal,Metal,"Verde, violeta, lila (con Brassicas)",Brassicas y flores de temporada,,55 × 45 cm,,"Verde, violeta, lila",$75.000,$75.000,Sacar por las noches a lugar frío. Mantener el OASIS siempre húmedo. No rociar flores por encima; regar directamente al oasis. Retirar flores marchitas para evitar bacterias y mantener frescura.
Cerámica Volcano,Florero / Macetero decorativo,Sin categoría,Sí,Florero de cerámica,Cerámica tipo piedra volcánica,Gris oscuro,—,"S, M, L",,,Gris oscuro,Variable,,No apto para plantas vivas (sin drenaje). Ideal como florero decorativo.
Difunto una cara Malva,Arreglo floral funerario (una cara),Ceremoniales,No,Base tipo bandeja / espuma floral,Espuma húmeda,"Malva, rosado, verde",Flores mixtas de temporada,,45 × 20 cm,,"Malva, rosado, verde",$65.000,$65.000,Las flores pueden variar según temporada. Composición respetará el colorido original.
Ampolla uniflor,Florero decorativo,Floreros en Decoración,Sí,Ampolla tipo botella,Vidrio,Transparente,—,,15 × 7 cm,,Transparente,$8.000,$8.000,Florero de vidrio decorativo. No incluye flores. Ideal para espacios pequeños o para usar en conjunto como centros de mesa.
Color Moon,Arreglo floral,Flores recién cortadas en Regalos,Sí,Florero de vidrio o metal,Metal / vidrio (base alta),Multicolor (tonos cálidos y fríos),Flores mixtas (de temporada),,60 × 60 cm,,Multicolor,$148.000,$148.000,"Mantener el OASIS siempre húmedo. No regar por encima. Retirar flores marchitas. Las flores pueden variar según la temporada, respetando el colorido."
Velvet,Arreglo floral en florero,Flores en Plantas,Sí,Florero de vidrio,Vidrio,Rojo,"Rosas rojas, follaje verde",,60 × 70 cm,,Rojo,$150.000,$150.000,Mantener el OASIS siempre húmedo. No rociar las flores por encima; regar directamente al OASIS. Retirar las flores marchitas para evitar bacterias. Mantener en lugar fresco y sin sol directo.
Prêt à porter ROSAS,Mini bouquet / ramo de flores frescas,Rosas en Flores recién cortadas,No,Envoltorio decorativo,Papel floral,Blanco,"7 rosas blancas, rusco, envoltorio",,,,Blanco,$25.000,$25.000,"Mantener en agua limpia, cambiar cada dos días. Evitar sol directo y fuentes de calor."
Prêt à porter ALOE,Mini bouquet / ramo de flores frescas,Flores recién cortadas en Regalos,No,Envoltorio decorativo,Papel floral,"Verde, blanco","Flores mixtas (con tonos claros, tipo aloe)",,,,"Verde, blanco",$35.000,$35.000,"Mantener en agua fresca, cambiar cada dos días. Evitar sol directo y fuentes de calor."
Prêt à porter BIGARO,Mini bouquet / ramo de flores frescas,Flores recién cortadas en Regalos,No,Envoltorio decorativo,Papel floral,"Fucsia, violeta, verde",Flores mixtas de temporada,,,,"Fucsia, violeta, verde",$35.000,$35.000,"Mantener en agua fresca, cambiar cada dos días. Evitar sol directo y fuentes de calor."
Prêt à porter PEONIAS,Bouquet de peonías,Flores en Plantas,No,Envoltorio decorativo,Papel floral,"Burdeo, Fucsia, Sara, Roja, Rosa, Blanca",Peonías (según color de variante),"5 unidades, 10 unidades",,,"Burdeo, Fucsia, Sara, Roja, Rosa, Blanca","5 unidades — $18.000, 10 unidades — $32.000",,"Mantener en agua limpia, cortar tallos diagonalmente cada dos días. Evitar sol directo y calor."
Amaryllis en Matero,Bulbo en floración,Bulbos de plantas y flores en Semillas,Sí,Matero de vidrio,Vidrio,"Blanco, rojo",Amaryllis,,,,"Blanco, Rojo","Blanco — $25.000, Rojo — $25.000",$25.000,"Tras floración, trasplantar a maceta con drenaje. Mantener en lugares frescos, sin luz directa ni fuentes de calor."
Burgandy,Arreglo floral en florero,Flores recién cortadas en Regalos,Sí,Florero de vidrio,Vidrio,"Rosa, burdeos, verde",Flores mixtas de temporada,,35 × 35 cm,,"Rosa, burdeos, verde",$68.000,$68.000,Mantener siempre con agua hasta la mitad del florero. Evitar sol directo y calor. Retirar flores marchitas para evitar bacterias.
Rodón Colores,Arreglo floral 360°,Flores recién cortadas en Regalos,Sí,Florero redondo (vidrio o cerámica),Vidrio,Multicolor,Flores mixtas de temporada,"S, M, L","S: 42 × 42 cm, M: 50 × 50 cm, L: 60 × 60 cm",360°,Multicolor,"S — $90.000, M — $125.000, L — $150.000",,"Mantener OASIS húmedo, regar directamente sin mojar flores. Retirar flores marchitas. Mantener en lugar fresco."
Alto Rama,Arreglo floral alto,Flores en Plantas,Sí,Florero alto de vidrio,Vidrio,Blanco y verde,Flores mixtas altas de temporada,,90 × 60 cm,,Blanco y verde,$110.000,$110.000,"Mantener en lugar fresco, revisar agua cada 2 días. Evitar calor y luz directa. Mantener el florero siempre con agua hasta la mitad."
Limona,Arreglo floral en florero,Flores recién cortadas en Regalos,Sí,Florero de vidrio,Vidrio,"Amarillo, blanco, verde",Flores mixtas de temporada,"S, M, L","S: 35×35 cm, M: 45×45 cm, L: 55×55 cm",,"Amarillo, blanco, verde","Chico — $66.000, Mediano — $87.000, Grande — $112.000",,Mantener con agua hasta la mitad del florero. Evitar sol directo o calor. Retirar flores marchitas para evitar bacterias.
Paila Candy,Arreglo floral en base tipo paila,Flores recién cortadas en Regalos,Sí,Paila decorativa redonda,Metal o cerámica,"Rosado, fucsia, verde","Flores mixtas (rosas, hortensias, lisianthus)","S, M, L","S: 35×40 cm, M: 40×50 cm, L: 45×55 cm",,"Rosado, fucsia, verde","S — $95.000, M — $110.000, L — $140.000",,"Mantener OASIS húmedo, regar directamente sin mojar flores. Evitar sol directo y calor."
Rodón Rosas Blancas,Arreglo floral redondo,Flores en Plantas,Sí,Florero redondo,Vidrio,"Blanco, verde",Rosas blancas,,42×42 cm,,"Blanco, verde",$87.000,$87.000,"Mantener fresco, sin sol directo, bien hidratado. Revisar OASIS y mantenerlo húmedo."
Matero Full Rosas,Arreglo floral con rosas,Rosas en Flores recién cortadas,Sí,Matero de vidrio,Vidrio,A elección (variedad de rosas),Rosas,,35×35 cm,,Variable,$75.000,$75.000,Mantener agua hasta la mitad del florero. Rellenar sin mojar las flores directamente. Evitar sol y calor.
Anémonas Samaritano,Arreglo floral en florero,Flores en Plantas,Sí,Florero redondo de vidrio,Vidrio,"Fucsia, violeta, verde",Anémonas frescas,,40×30 cm,,"Fucsia, violeta, verde",$70.000,$70.000,"Cambiar el agua seguido, cortar tallos diagonalmente. Evitar sol directo y calefacción. Sacarlas por la noche para prolongar duración."
Boîte,Arreglo floral rectangular,Flores en Plantas,Sí,Caja o bandeja rectangular,Madera o cerámica,"Rosado, fucsia, verde",Flores mixtas,,70×30 cm,,"Rosado, fucsia, verde",$97.000,$97.000,Mantener OASIS húmedo. No regar directamente sobre las flores. Retirar flores marchitas.
Matero en Verdes,Arreglo floral en tonos verdes,Flores en Plantas,Sí,Florero de vidrio,Vidrio,"Verde, blanco",Flores mixtas (verdes y follaje),,50×50 cm,,"Verde, blanco",$120.000,$120.000,Mantener OASIS húmedo y evitar sol directo.
Bandeja de Rosas,Arreglo floral bajo con rosas,Flores en Plantas,Sí,Bandeja rectangular,Madera / cerámica,A elección (rosas),Rosas frescas,,18×30×30 cm,,Variable,$83.000,$83.000,Mantener OASIS húmedo. No mojar las flores directamente. Mantener en lugar fresco.
Frutera en Blancos,Arreglo floral en florero,Flores recién cortadas en Regalos,Sí,Florero tipo frutera,Vidrio,"Blanco, verde","Flores mixtas (rosas, hortensias, lisianthus)",,40×50 cm,,"Blanco, verde",$89.000,$89.000,Mantener con agua hasta la mitad. Evitar sol y calor. Retirar flores marchitas.
Veneciano,Arreglo floral con rosas,Rosas en Flores recién cortadas,Sí,Florero cuadrado,Vidrio,"Rosa, verde",Rosas,,40×40 cm,,"Rosa, verde",$75.000,$75.000,Mantener agua hasta la mitad del florero. Rellenar sin mojar flores. Evitar sol y calor.
White Night,Arreglo floral alto,Flores recién cortadas en Regalos,Sí,Florero de vidrio alto,Vidrio,Blanco y verde,"Flores mixtas altas (lilium, gladiolos, rosas blancas)",,100 × 70 cm,Completo 360° / Medio 180°,Blanco y verde,"Completo 360° — $180.000, Medio 180° — $110.000",,Mantener lejos de fuentes de calor o luz directa. Cambiar el agua seguido y cortar los tallos ligeramente. Retirar flores marchitas para prolongar la frescura.
Bola Colorida,Arreglo floral redondo,Flores en Plantas,Sí,Florero cilíndrico de vidrio,Vidrio,"Multicolor (rojos, fucsias, verdes)",Flores mixtas de temporada,,80 × 65 cm,,Multicolor,$152.000,$152.000,"El arreglo está hecho en base de OASIS, mantenerlo húmedo regando directamente sobre la espuma. No exponer al sol ni a calor. Ideal sacarlo por la noche a lugar fresco."
Blue Moon,Arreglo floral 360°,Flores recién cortadas en Regalos,Sí,Florero de vidrio,Vidrio,"Azul, blanco, violeta","Flores mixtas (rosas, lisianthus, hortensias)",,60 × 60 cm,360°,"Azul, blanco, violeta",$148.000,$148.000,"Mantener OASIS húmedo, regar directamente. Evitar sol directo. Retirar flores marchitas para evitar bacterias."
Hielera XXL,Arreglo floral grande,Flores en Plantas,Sí,Hielera decorativa,Vidrio o cerámica,"Naranjo, amarillo, verde",Flores mixtas de gran tamaño,,80 × 95 cm,Medio ruedo 180° / Ruedo completo 360°,"Naranjo, amarillo, verde","Medio ruedo 180° — $220.000, Ruedo completo 360° — $280.000",,Mantener OASIS húmedo. No exponer al sol o calor. Ideal sacarlo por la noche a un lugar fresco.
Caja 4,Arreglo floral en caja pequeña,Flores recién cortadas en Regalos,Sí,Caja cuadrada de madera,Madera,Tonos fuertes variados,Flores mixtas,,20 × 25 × 25 cm,,Tonos fuertes variados,$73.000,$73.000,Cambiar agua del florero seguido. Cortar tallos al renovarla. Evitar calefacción y sol directo.
Caja 6,Arreglo floral rectangular,Flores en Plantas,Sí,Caja rectangular de madera,Madera,Tonos fuertes variados,Flores mixtas de temporada,,25 × 40 × 15 cm,,Tonos fuertes variados,$94.000,$94.000,Cambiar agua del florero seguido. Cortar tallos al renovarla. Evitar calefacción y sol directo.
Cerámica Calypso,Florero decorativo,Floreros en Decoración,Sí,Florero tipo ánfora,Cerámica esmaltada,Turquesa,—,,,,Turquesa,$25.600,$25.600,"Decorativo, puede usarse como contenedor para flores frescas o secas."
Ánfora S,Florero decorativo,Floreros en Decoración,Sí,Ánfora pequeña,Cerámica o cemento,Gris envejecido,—,,23 cm alto × 31 cm diámetro,,Gris envejecido,$82.000,$82.000,"Decorativo, sin drenaje."
Ánfora L,Florero decorativo grande,Floreros en Decoración,Sí,Ánfora alta,Cerámica o cemento,Gris envejecido,—,,60 cm alto × 46 cm diámetro,,Gris envejecido,$320.000,$320.000,"Decorativo, sin drenaje."
Florero Alambre,Florero decorativo,Floreros en Decoración,Sí,Vidrio cónico con estructura metálica,Vidrio y alambre,"Transparente, metal plateado",—,"S, M","S: 28 cm alto, M: 40 cm alto",,Transparente,"S — $32.800, M — $68.500",,"Florero decorativo, se recomienda secar bien tras uso. No apto para exterior."
Frutera Alambre 1,Frutera decorativa,Bowls decorativos en Decoración,No,Frutera metálica,Alambre metálico dorado,Dorado,—,,Mediano (aprox. 35 cm ancho),,Dorado,$88.000,$88.000,Limpiar con paño seco. No apta para agua o alimentos húmedos.
Frutera Alambre 2,Frutera decorativa,Bowls decorativos en Decoración,No,Canasto decorativo,Alambre metálico dorado,Dorado claro,—,,Pequeño (aprox. 25 cm diámetro),,Dorado claro,$42.800,$42.800,"Decorativa, no apta para líquidos."
Bola Pájaro,Escultura decorativa,Floreros en Decoración,No,Esfera con base,Cerámica envejecida o cemento,Gris claro,—,,Mediano (aprox. 30 cm alto),,Gris claro,$63.000,$63.000,"Decorativa, limpiar con paño seco."
OST,Florero de vidrio rectangular,Floreros en Decoración,Sí,Vidrio rectangular con orificio,Vidrio transparente,Transparente,—,"S, M, L","S: 25×20×6 cm, M: 30×20×6 cm, L: 40×20×6 cm",,Transparente,"S — $76.500, M — $88.500, L — $95.500",,"Lavar con agua tibia, secar con paño. Ideal para flor única o arreglos lineales."
Corona Metálica Hoja,Adorno metálico,Coronas y guirnaldas en Decoración,No,Base metálica,Metal envejecido,Gris oscuro,—,,Mediano (aprox. 45 cm alto),,Gris oscuro,$120.000,$120.000,"Decorativo, limpiar con paño seco. No exponer al agua."
Candelabro Negro,Candelabro decorativo,Candelabros en Accesorios de fragancias para el hogar,No,Pie con brazos múltiples,Metal negro envejecido,Negro grafito,—,,Mediano (aprox. 35 cm alto),,Negro grafito,$78.000,$78.000,Limpiar con paño seco. No usar en exterior o con cera caliente directa sobre la base.
Candelabro Antique,Candelabro decorativo,Candelabros en Accesorios de fragancias para el hogar,No,Candelabro individual,Metal dorado envejecido,Dorado antiguo,—,,Mediano (aprox. 30 cm alto),,Dorado antiguo,$48.000,$48.000,"Decorativo, limpiar con paño seco. No usar con velas sin base de protección."
Cerámica Rectangular Baja,Contenedor decorativo / florero bajo,Bowls decorativos en Decoración,Sí,Recipiente rectangular bajo,Cerámica esmaltada,"Amarillo, Calipso, Blanco",—,,Mediano (aprox. 30×12 cm),,"Amarillo, Calipso, Blanco","Amarillo — $29.000, Calipso — $29.000, Blanco — $29.000",$29.000,"Ideal para flores o como base decorativa. Lavar a mano, no usar lavavajillas."
Frutera Colorida,Arreglo floral,Flores en Plantas,Sí,Florero tipo frutera de vidrio verde,Vidrio,"Multicolor (rosado, violeta, verde, amarillo)",Flores mixtas de temporada,,50 × 60 cm,Medio ruedo 180° / Ruedo completo 360°,Multicolor,"Medio ruedo 180° — $123.400, Ruedo completo 360° — $155.000",,"Para que tu arreglo tenga una vida útil más larga te recomendamos sacarlo por las noches a un lugar frío, porque en general el calor y la falta de agua son el gran enemigo de las flores de corte. Para este último punto, debes checkear con tu dedo que el OASIS (material en donde se acomodan las flores) esté siempre mojado. Ahora, ¿cómo hidratarlas? Nunca debes 'regar' las flores por encima, sino que hacer un espacio para que el agua -con tu regadera o botella- llegue directamente al OASIS. Retirar las flores que estén moribundas, así evitas la acumulación de bacterias y las que quedan se verán más frescas."
Heladera Line,Arreglo floral redondo,Flores recién cortadas en Regalos,Sí,Base tipo heladera (vidrio o cerámica),Vidrio,"Rosa, violeta, verde",Flores mixtas de temporada,,55 × 55 cm,Medio ruedo 180° / Ruedo completo 360°,"Rosa, violeta, verde","Medio ruedo 180° — $88.000, Ruedo completo 360° — $120.000",,"Para que tu arreglo tenga una vida útil más larga te recomendamos sacarlo por las noches a un lugar frío, porque en general el calor y la falta de agua son el gran enemigo de las flores de corte. Para este último punto, debes checkear con tu dedo que el OASIS (material en donde se acomodan las flores) esté siempre mojado. Ahora, ¿cómo hidratarlas? Nunca debes 'regar' las flores por encima, sino que hacer un espacio para que el agua -con tu regadera o botella- llegue directamente al OASIS. Retirar las flores que estén moribundas, así evitas la acumulación de bacterias y las que quedan se verán más frescas."
MEI Verde,Arreglo floral,Flores en Plantas,Sí,Bowl blanco de cerámica,Cerámica,"Verde, blanco","Flores mixtas verdes (hortensias, follaje)",,30 × 45 cm,,"Verde, blanco",$80.000,$80.000,"Para que tu arreglo tenga una vida útil más larga te recomendamos sacarlo por las noches a un lugar frío, porque en general el calor y la falta de agua son el gran enemigo de las flores de corte. Para este último punto, debes checkear con tu dedo que el OASIS (material en donde se acomodan las flores) esté siempre mojado. Ahora, ¿cómo hidratarlas? Nunca debes 'regar' las flores por encima, sino que hacer un espacio para que el agua -con tu regadera o botella- llegue directamente al OASIS. Retirar las flores que estén moribundas, así evitas la acumulación de bacterias y las que quedan se verán más frescas."
Vaso Peonías,Arreglo floral con peonías,Flores en Plantas,Sí,Vaso de vidrio,Vidrio,"Rosa, verde",Peonías frescas,50 × 40 cm,,,"Rosa, verde",$68.000,,
Pater Colorido,Arreglo floral en florero,Flores recién cortadas en Regalos,Sí,Florero redondo de vidrio,Vidrio,"Multicolor (rosado, naranja, violeta, verde)",Flores mixtas de temporada,"S, M, L","S: 30×40 cm, M: 40×45 cm, L: 50×55 cm",,Multicolor,"S — $72.400, M — $93.300, L — $115.000",,"Para que tu arreglo tenga una vida útil más larga te recomendamos sacarlo por las noches a un lugar frío, porque en general el calor y la falta de agua son el gran enemigo de las flores de corte. Para este último punto, debes checkear con tu dedo que el OASIS (material en donde se acomodan las flores) esté siempre mojado. Ahora, ¿cómo hidratarlas? Nunca debes 'regar' las flores por encima, sino que hacer un espacio para que el agua -con tu regadera o botella- llegue directamente al OASIS. Retirar las flores que estén moribundas, así evitas la acumulación de bacterias y las que quedan se verán más frescas."
La Violeta,Arreglo floral en florero,Flores en Plantas,Sí,Florero metálico gris,Metal o cerámica,"Violeta, verde",Flores mixtas (violetas y lilas),,45 × 35 cm,,"Violeta, verde",$68.000,$68.000,"Para que tu arreglo tenga una vida útil más larga te recomendamos sacarlo por las noches a un lugar frío, porque en general el calor y la falta de agua son el gran enemigo de las flores de corte. Para este último punto, debes checkear con tu dedo que el OASIS (material en donde se acomodan las flores) esté siempre mojado. Ahora, ¿cómo hidratarlas? Nunca debes 'regar' las flores por encima, sino que hacer un espacio para que el agua -con tu regadera o botella- llegue directamente al OASIS. Retirar las flores que estén moribundas, así evitas la acumulación de bacterias y las que quedan se verán más frescas."
Bridal,Arreglo floral,Flores recién cortadas en Regalos,Sí,Florero metálico gris,Metal,"Blanco, verde","Flores mixtas blancas (rosas, lisianthus, hortensias)",,45 × 35 cm,,"Blanco, verde",$65.000,$65.000,"Para que tu arreglo tenga una vida útil más larga te recomendamos sacarlo por las noches a un lugar frío, porque en general el calor y la falta de agua son el gran enemigo de las flores de corte. Para este último punto, debes checkear con tu dedo que el OASIS (material en donde se acomodan las flores) esté siempre mojado. Ahora, ¿cómo hidratarlas? Nunca debes 'regar' las flores por encima, sino que hacer un espacio para que el agua -con tu regadera o botella- llegue directamente al OASIS. Retirar las flores que estén moribundas, así evitas la acumulación de bacterias y las que quedan se verán más frescas."
Tête à Tête,Arreglo con bulbos (no corte),Bulbos de plantas y flores en Semillas,Sí,Florero de vidrio bajo,Vidrio,"Amarillo, verde",Narcisos Tête à Tête (5 bulbos aprox.),,40 × 20 cm,,"Amarillo, verde",$44.000,$44.000,"Estos arreglos NO son hechos con flores de corte, sino que con bulbos, los cuales pasados su floración puedes trasplantarlos a tierra y así florecer cada año si quedan en un lugar óptimo para su desarrollo. Esta especie se llama tête à tête, es un narciso de trompeta amarilla y pequeña, en donde una papa provee varios botones. En este arreglo vienen 5 bulbos aprox."
Narcisos en Boina,Arreglo de bulbos (narciso Yellow Paradise),Bulbos de plantas y flores en Semillas,Sí,Base tipo boina baja,Vidrio o cerámica,Amarillo/naranja,Narciso Yellow Paradise,,45 x 30 cm,,Amarillo/naranja,$80.000,$80.000,"Estos arreglos NO son hechos con flores de corte, sino que con bulbos, los cuales pasados su floración debes trasplantarlos a tierra y así podrán florecer cada año si quedan en un lugar óptimo para su desarrollo. Para su mejor duración debes mantenerlos en lugares frescos -nunca con luz directa o cerca de una fuente de calor- y el riego depende de la humedad de la tierra. Esta especie se llama Yellow Paradise, es un narciso de trompeta grande (6 cms aprox)."
Bouquet en Lilas,Bouquet/Ramo,Flores en Plantas / Flores recién cortadas en Regalos,No,Sin florero (ramo),Papel / amarra de hilo,Lilas/morado/rosado,"Flores mixtas (lisianthus, lilas, follaje)",,,,Lilas/morado/rosado,$65.000,$65.000,"Las flores pueden variar según la temporada, se mantiene el colorido. Muchas personas creen que hay que quitarles la amarra para ponerlos en agua, pero ¡no! La gracia del bouquet es su forma redonda y apretada, y para llegar a ella una persona se puede demorar hasta 1 hora. Para una mejor durabilidad hay que dejarlas lejos de sol directo o cualquier fuente de calor directa (por ejemplo radiadores), cambia el agua cada dos días y cada vez que lo hagas ve de cortarle un poco los tallos para que las flores puedan succionar mejor el agua."
Bouquet Passion,Bouquet/Ramo de rosas,Flores en Plantas / Rosas en Flores recién cortadas,No,Sin florero (ramo),Papel,Rojo,50 rosas rojas,,,,Rojo,$148.000,$148.000,"Muchas personas creen que hay que quitarles la amarra para ponerlos en agua, pero ¡no! La gracia del bouquet es su forma redonda y apretada, y para llegar a ella una persona se puede demorar hasta 1 hora. Para una mejor durabilidad hay que dejarlas lejos de sol directo o cualquier fuente de calor directa (por ejemplo radiadores), cambia el agua cada dos días y cada vez que lo hagas ve de cortarle un poco los tallos para que las flores puedan succionar mejor el agua."
Bouquet Colores,Bouquet/Ramo,Flores en Plantas / Flores recién cortadas en Regalos,No,Sin florero (ramo),Papel / hilo,Multicolor,Flores mixtas de temporada,,,,Multicolor,$60.000,$60.000,"Las flores pueden variar, se mantiene colorido. Muchas personas creen que hay que quitarles la amarra para ponerlos en agua, pero ¡no! La gracia del bouquet es su forma redonda y apretada, y para llegar a ella una persona se puede demorar hasta 1 hora. Para una mejor durabilidad hay que dejarlas lejos de sol directo o cualquier fuente de calor directa (por ejemplo radiadores), cambia el agua cada dos días y cada vez que lo hagas ve de cortarle un poco los tallos para que las flores puedan succionar mejor el agua."
Florero Aura,Florero decorativo minimalista,Floreros en Decoración,Sí,Tubo cilíndrico de doble pared,Vidrio,Transparente,—,,"25 × 7,5 cm",,Transparente,$32.000,$32.000,"Florero de diseño minimalista, tiene una estructura de doble pared hecho en vidrio. Perfecto para dar un toque de luz y color a cualquier rincón. No es necesario ponerle demasiadas flores, ya con sólo una vara se ve espectacular. Mide 25 × 7,5 cms. No incluye flores."
Florero para Muro Grande,Florero decorativo mural,Floreros en Decoración,Sí,Cono de vidrio con soporte metálico,Vidrio y estructura metálica negra,Transparente con soporte negro,—,,"Cono: 30×12 cm, Total: 30×16 cm",,Transparente,$34.000,$34.000,"Diseñado para instalar al muro sin ocupar espacio en superficies. El soporte metálico negro se fija fácilmente a la pared mediante dos tornillos (incluidos + tarugos), asegurando una instalación firme y segura. El florero se apoya sobre un aro metálico que lo mantiene en posición, permitiendo retirarlo con facilidad para limpiar o cambiar el contenido. Medidas cono de vidrio: 30 × 12 cms / Medidas total: 30 × 16 cms."
Florero para Muro Chico,Florero decorativo mural,Floreros en Decoración,Sí,Cono de vidrio con soporte metálico,Vidrio y estructura metálica negra,Transparente con soporte negro,—,,"Cono: 22×8 cm, Total: 22×12 cm",,Transparente,$28.000,$28.000,"Diseñado para instalar al muro sin ocupar espacio en superficies. El soporte metálico negro se fija fácilmente a la pared mediante dos tornillos (incluidos + tarugos), asegurando una instalación firme y segura. El florero se apoya sobre un aro metálico que lo mantiene en posición, permitiendo retirarlo con facilidad para limpiar o cambiar el contenido. Medidas cono de vidrio: 22 × 8 cms / Medidas total: 22 × 12 cms."
Royal Bloom,Arreglo floral,Flores recién cortadas en Regalos,Sí,Florero de vidrio,Vidrio,Blanco,Lilium,,90 x 60 cm,,Blanco,$60.000,$60.000,"Simple y elegante, con este arreglo te vas a la segura. El lilium es una flor que podríamos decir tiene muy buena duración, siempre les viene bien sacarlas por la noche para tomar aire fresco. Fíjate de tenerlas bien hidratas, no necesariamente debes llenar el florero con agua pero que sus tallos siempre estén en contacto con el agua."
Pink Bloom,Arreglo floral,Flores recién cortadas en Regalos,Sí,Florero de vidrio,Vidrio,Rosa,Lilium,,90 x 60 cm,,Rosa,$60.000,$60.000,"Simple y elegante, con este arreglo te vas a la segura. El lilium es una flor que podríamos decir tiene muy buena duración, siempre les viene bien sacarlas por la noche para tomar aire fresco. Fíjate de tenerlas bien hidratas, no necesariamente debes llenar el florero con agua pero que sus tallos siempre estén en contacto con el agua."
Dalias,Arreglo floral,Flores recién cortadas en Regalos,Sí,Florero de vidrio,Vidrio,Rosa,Dalias,,70 x 45 cm aprox,,Rosa,$70.000,$70.000,"Siempre es bueno sacarlas por la noche para que se refresquen y duren más debido a las calefacciones de las casas. Nunca poner el arreglo bajo el sol, cambia el agua del florero seguido y cada vez que lo hagas aprovecha de cortar un poco el tallo para asegurarte de que succionen de manera eficiente."
Paradiso,Arreglo floral,Flores en Plantas,Sí,Contenedor,Vidrio o cerámica,Multicolor,Flores mixtas de temporada,,35 x 35 cm,,Multicolor,$63.000,$63.000,"Las flores pueden variar debido a las temporadas, se mantiene siempre el colorido. Para que tu arreglo tenga una vida útil más larga te recomendamos sacarlo por las noches a un lugar frío, porque en general el calor y la falta de agua son el gran enemigo de las flores de corte. Para este último punto, debes checkear con tu dedo que el OASIS (material en donde se acomodan las flores) esté siempre mojado. Ahora, ¿cómo hidratarlas? Nunca debes 'regar' las flores por encima, sino que hacer un espacio para que el agua -con tu regadera o botella- llegue directamente al OASIS. Retirar las flores que estén moribundas, así evitas la acumulación de bacterias y las que quedan se verán más frescas."
Copón,Arreglo floral,Flores en Plantas,Sí,Copón,Vidrio o cerámica,Multicolor,Flores mixtas de temporada,,70 x 70 cm,,Multicolor,$180.000,$180.000,"Las flores pueden variar debido a las temporadas, se mantiene siempre el colorido. Para que tu arreglo tenga una vida útil más larga te recomendamos sacarlo por las noches a un lugar frío, porque en general el calor y la falta de agua son el gran enemigo de las flores de corte. Para este último punto, debes checkear con tu dedo que el OASIS (material en donde se acomodan las flores) esté siempre mojado. Ahora, ¿cómo hidratarlas? Nunca debes 'regar' las flores por encima, sino que hacer un espacio para que el agua -con tu regadera o botella- llegue directamente al OASIS. Retirar las flores que estén moribundas, así evitas la acumulación de bacterias y las que quedan se verán más frescas."
Personalización,Arreglo personalizado,Flores en Plantas,Sí,A elección,Variable,A elección,Flores personalizadas según pedido,Variable,,,A elección,Variable,,Los cuidados dependerán del tipo de contenedor y flores elegidas.
Velón 20 Rosas,Arreglo en velón,Flores en Plantas,Sí,Velón de vidrio,Vidrio,"Amarillo, Verde, Rosado","20 rosas, hortensias, hipérico",Ninguna,,,"Amarillo, Verde, Rosado",$140.000,,"Para que tu arreglo tenga una vida útil más larga te recomendamos sacarlo por las noches a un lugar frío, porque en general el calor y la falta de agua son el gran enemigo de las flores de corte."
Paila Redondo Colorido,Arreglo en paila,Flores en Plantas,Sí,Paila decorativa,Cerámica,"Verde, Azul, Fucsia, Rosado, Amarillo, Rojo",Flores mixtas con peonías,Ninguna,,,"Verde, Azul, Fucsia, Rosado, Amarillo, Rojo",$45.000,,"Para que tu arreglo tenga una vida útil más larga te recomendamos sacarlo por las noches a un lugar frío, porque en general el calor y la falta de agua son el gran enemigo de las flores de corte."
Paila Redondo Primaveral,Arreglo en paila,Flores en Plantas,Sí,Paila decorativa,Cerámica,"Verde, Azul, Fucsia, Rosado, Amarillo, Rojo",Flores mixtas,Ninguna,,,"Verde, Azul, Fucsia, Rosado, Amarillo, Rojo",$50.000,,"Para que tu arreglo tenga una vida útil más larga te recomendamos sacarlo por las noches a un lugar frío, porque en general el calor y la falta de agua son el gran enemigo de las flores de corte."
Centro de Mesa Vidrio 30x50,Centro de mesa en vidrio,Flores en Plantas,Sí,Florero de vidrio horizontal,Vidrio,,Flores mixtas,30 × 50 cm,,,,$50.000,,"Para que tu arreglo tenga una vida útil más larga te recomendamos sacarlo por las noches a un lugar frío, porque en general el calor y la falta de agua son el gran enemigo de las flores de corte."
Jardinera 90 cm,Jardinera con flores,Flores en Plantas,Sí,Jardinera,Madera o cerámica,,Flores mixtas,90 cm,,,,$140.000,,"Para que tu arreglo tenga una vida útil más larga te recomendamos sacarlo por las noches a un lugar frío, porque en general el calor y la falta de agua son el gran enemigo de las flores de corte."
Brisero,Arreglo floral alto,Flores en Plantas,Sí,Florero verde alto,Vidrio,Variable,Flores mixtas de temporada,"S, M, L","S: 25 cm alto, M: 50 cm alto, L: 65 cm alto",,Variable,Variable,,Mantener agua limpia. Cambiar cada 2-3 días.
Narcisos,Arreglo de Narcisos,Flores en Plantas,Variable,"Variable (Boina, Florero, Plafon)",Variable,"Amarillo, blanco",Narcisos,,,,"Amarillo, blanco",Variable,,Mantener agua limpia. Los narcisos son flores de temporada.
Orquídeas,Arreglo de Orquídeas,Flores en Plantas,Variable,"Variable (Cubo, Brisero, Vidrio, Boina)",Variable,"Blanco, fucsia, multicolor",Orquídeas,,,,"Blanco, fucsia, naranja, multicolor",Variable,,Riego moderado. Evitar sol directo. Mantener húmedo pero no encharcado.
Vaso Peonias,Arreglo floral con peonías,Flores en Plantas,Sí,Vaso de vidrio,Vidrio,"Rosa, verde",Peonías frescas,,50 × 40 cm,,"Rosa, verde",$68.000,$68.000,"Las peonias son una flor muy poco resistente al calor y sus días de vida avanzan a pasos agigantados, así es que para alargar su vida siempre dejarlas en lugares híper frescos. Además beben mucha agua por sus pétalos finos, lo que hace que el agua se consuma rápido."
Tulipanes Milán x20,Ramo de tulipanes (20 varas),Decoración en Casa y jardín,No,Sin florero,—,"Naranjo, Rosado, Rojo",20 tulipanes,,,,"Naranjo, Rosado, Rojo",Todas — $48.000,$48.000,"Los tulipanes son flores que curiosamente aún después de ser cortadas siguen creciendo. Así es, su tallo se continúa desarrollando post corte, por lo que probablemente tu arreglo irá cambiando de forma. A nosotras nos gusta ese cambio, pero si ese no fuera tu caso, siempre puedes cortarles un poco su tallo y aprovechar de cambiarles el agua. ¡Ojo que son muy sedientas! Mantenlas siempre hidratadas, no las dejes en lugares calurosos y evita la luz directa del sol. Consulta las opciones de colores disponibles."
Tulipanes Milán x30,Ramo de tulipanes (30 varas),Rellenos de jarrones en Rellenos para jarrones y decoraciones para mesas,No,Sin florero,—,"Naranjo, Morado, Rosado",30 tulipanes,,,,"Naranjo, Morado, Rosado",Todas — $65.000,$65.000,"Los tulipanes son flores que curiosamente aún después de ser cortadas siguen creciendo. Así es, su tallo se continúa desarrollando post corte, por lo que probablemente tu arreglo irá cambiando de forma. A nosotras nos gusta ese cambio, pero si ese no fuera tu caso, siempre puedes cortarles un poco su tallo y aprovechar de cambiarles el agua. ¡Ojo que son muy sedientas! Mantenlas siempre hidratadas, no las dejes en lugares calurosos y evita la luz directa del sol. Consulta las opciones de colores disponibles."
Citrus Moon,Arreglo floral,Flores recién cortadas en Regalos,Sí,Contenedor de vidrio,Vidrio,Verde/amarillo verdoso,Flores mixtas de temporada,,60 x 60 cm,,Verde/amarillo verdoso,$148.000,$148.000,"Las flores pueden variar debido a las temporadas, se mantiene siempre el colorido. Para que tu arreglo tenga una vida útil más larga te recomendamos sacarlo por las noches a un lugar frío, porque en general el calor y la falta de agua son el gran enemigo de las flores de corte. Para este último punto, debes checkear con tu dedo que el OASIS (material en donde se acomodan las flores) esté siempre mojado. Ahora, ¿cómo hidratarlas? Nunca debes 'regar' las flores por encima, sino que hacer un espacio para que el agua -con tu regadera o botella- llegue directamente al OASIS. Retirar las flores que estén moribundas, así evitas la acumulación de bacterias y las que quedan se verán más frescas."
Matero Glasto,Arreglo floral,Flores en Plantas,Sí,Matero/contenedor,Vidrio o cerámica,Morado/violeta con verdes,Flores mixtas de temporada,,40 x 40 cm,,Morado/violeta con verdes,$87.000,$87.000,"Las flores pueden variar debido a las temporadas, se mantiene siempre el colorido. Para que tu arreglo tenga una vida útil más larga te recomendamos sacarlo por las noches a un lugar frío, porque en general el calor y la falta de agua son el gran enemigo de las flores de corte. Para este último punto, debes checkear con tu dedo que el OASIS (material en donde se acomodan las flores) esté siempre mojado. Ahora, ¿cómo hidratarlas? Nunca debes 'regar' las flores por encima, sino que hacer un espacio para que el agua -con tu regadera o botella- llegue directamente al OASIS. Retirar las flores que estén moribundas, así evitas la acumulación de bacterias y las que quedan se verán más frescas."
Amaryllis en Brisero — Rojo,Planta de bulbo (Amaryllis),Bulbos de plantas y flores en Semillas / Plantas de interior en macetas,Sí,Brisero/brasero,Cerámica o metal,Rojo,Amaryllis,,50 x 15 cm,,Rojo,$38.000,$38.000,Pasada su floración debes trasplantarlos a tierra o a un macetero con drenaje (con un hoyo) y así podrán florecer cada año si quedan en un lugar óptimo para su desarrollo. Para su mejor duración debes mantenerlos en lugares frescos -nunca con luz directa o cerca de una fuente de calor- y el riego depende de la humedad de la tierra. ¡Disfruta del espectáculo!
MEI 2L (F),Planta de orquídeas en maceta,Plantas de interior en macetas,Sí,Maceta,Cerámica o vidrio,Fucsia/rosa fuerte,Orquídeas,,,,Fucsia/rosa fuerte,$80.000,$80.000,"Las orquídeas deben recibir mucha luz, pero igual que en la naturaleza, debe ser de manera indirecta para evitar quemaduras solares. La planta debe ser regada solo una vez que el musgo se encuentre seco (cada 10 - 15 días dependiendo de su humedad). En caso de que haya un exceso en el riego, es importante retirar el agua sobrante. En invierno es recomendable regar entre 11 y 14 hrs. Si la temperatura es menor a 15°C, es mejor no regar. Por otra parte, otro consejo importante para mantener a las orquídeas sanas es utilizar un recipiente transparente, de forma que sus raíces también reciban la luz solar y puedan llevar a cabo la fotosíntesis. La floración es una vez al año y puede durar entre 2 a 4 meses. Una vez que todas sus flores se sequen, debes cortar los tallos justo por debajo de ellas, ya que esos serán los brotes del próximo año. Tip: Si tienes sustrato especial para orquídeas sugerimos (una vez que haya acabado su floración) abonarle unas gotitas cada dos semanas."
Boina Mini,Planta de orquídeas mini en maceta,Plantas de interior en macetas en Plantas de interior y exterior,Sí,Maceta,Cerámica o vidrio,Rosa/fucsia,Orquídeas mini,,28 x 20 cm aprox,,Rosa/fucsia,$34.000,$34.000,"Las orquídeas deben recibir mucha luz, pero igual que en la naturaleza, debe ser de manera indirecta para evitar quemaduras solares. La planta debe ser regada solo una vez que el musgo se encuentre seco (cada 10 - 15 días dependiendo de su humedad). En caso de que haya un exceso en el riego, es importante retirar el agua sobrante. En invierno es recomendable regar entre 11 y 14 hrs. Si la temperatura es menor a 15°C, es mejor no regar. Por otra parte, otro consejo importante para mantener a las orquídeas sanas es utilizar un recipiente transparente, de forma que sus raíces también reciban la luz solar y puedan llevar a cabo la fotosíntesis. La floración es una vez al año y puede durar entre 2 a 4 meses. Una vez que todas sus flores se sequen, debes cortar los tallos justo por debajo de ellas, ya que esos serán los brotes del próximo año. Tip: Si tienes sustrato especial para orquídeas sugerimos (una vez que haya acabado su floración) abonarle unas gotitas cada dos semanas."
Calas Velón 14,Arreglo de flores (Calas),Flores recién cortadas en Regalos,No,Sin florero (ramo para traspasar),—,"Amarilla, Naranja, Roja",14 calas,,40 x 14 cm,,"Amarilla, Naranja, Roja",Todas — $35.000,$35.000,"Regalar plantas para muchos es una gran opción, sobre todo para aquellos que priorizan la durabilidad de las flores. Una vez pasada su floración debes traspasar los bulbos a 'tierra firme' debido que esta presentación no tiene drenaje."
Amaryllis SILVER WAX,Bulbo de Amaryllis en cera,Bulbos de plantas y flores en Semillas,No,Sin florero (bulbo encerado),Cera plateada,Flor blanca o roja,Amaryllis,,,,"Flor blanca, Flor roja",Todas — $19.000,$19.000,"Esta versión de amaryllis es la solución para aquellos que no tienen 'dedos verdes'. ¡No hace falta riego! Así es, este recubrimiento en cera permite que el bulbo se nutra y guarde la humedad necesaria para poder florecer, así es que sólo debes disfrutar del espectáculo. SILVER WAX es porque su cera es plateada, pero puedes elegir que el color de tu flor sea blanca o roja."
Amaryllis BLUE WAX,Bulbo de Amaryllis en cera,Bulbos de plantas y flores en Semillas,No,Sin florero (bulbo encerado),Cera azul,Flor roja o blanca,Amaryllis,,,,"Flor roja, Flor blanca",Todas — $19.000,$19.000,"Esta versión de amaryllis es la solución para aquellos que no tienen 'dedos verdes'. ¡No hace falta riego! Así es, este recubrimiento en cera permite que el bulbo se nutra y guarde la humedad necesaria para poder florecer, así es que sólo debes disfrutar del espectáculo. BLUE WAX es porque su cera es azul, pero puedes elegir que el color de tu flor sea blanca o roja."
Pecera Jacintos,Arreglo de bulbos (jacintos),Flores en Plantas,Sí,Contenedor tipo pecera/bowl,Vidrio,"Azul, Blanco, Rosado, Amarillo",Jacintos,,30 x 25 cm,,"Azul, Blanco, Rosado, Amarillo",Todas — $22.000,$22.000,"Estos arreglos NO son hechos con flores de corte, sino que con bulbos, los cuales pasados su floración debes trasplantarlos a tierra y así podrán florecer cada año si quedan en un lugar óptimo para su desarrollo. Para su mejor duración debes mantenerlos en lugares frescos -nunca con luz directa o cerca de una fuente de calor- y el riego depende de la humedad de la tierra. ¡Disfruta del exquisito olor de los jacintos!"
Amaryllis RED WAX,Bulbo de Amaryllis en cera,Bulbos de plantas y flores en Semillas,No,Sin florero (bulbo encerado),Cera roja,Flor roja o blanca,Amaryllis,,,,"Flor roja, Flor Blanca",Todas — $19.000,$19.000,"Esta versión de amaryllis es la solución para aquellos que no tienen 'dedos verdes'. ¡No hace falta riego! Así es, este recubrimiento en cera permite que el bulbo se nutra y guarde la humedad necesaria para poder florecer, así es que sólo debes disfrutar del espectáculo. RED WAX es porque su cera es roja, pero puedes elegir que el color de tu flor sea blanca o roja."
Amaryllis GOLD WAX,Bulbo de Amaryllis en cera,Bulbos de plantas y flores en Semillas,No,Sin florero (bulbo encerado),Cera dorada,Flor roja o blanca,Amaryllis,,,,"Flor roja, Flor blanca",Todas — $19.000,$19.000,"Esta versión de amaryllis es la solución para aquellos que no tienen 'dedos verdes'. ¡No hace falta riego! Así es, este recubrimiento en cera permite que el bulbo se nutra y guarde la humedad necesaria para poder florecer, así es que sólo debes disfrutar del espectáculo. GOLD WAX es porque su cera es dorada, pero puedes elegir que el color de tu flor sea blanca o roja."
Amaryllis WHITE WAX,Bulbo de Amaryllis en cera,Bulbos de plantas y flores en Semillas,No,Sin florero (bulbo encerado),Cera blanca,Flor roja o blanca,Amaryllis,,,,"Flor roja, Flor blanca",Todas — $19.000,$19.000,"Esta versión de amaryllis es la solución para aquellos que no tienen 'dedos verdes'. ¡No hace falta riego! Así es, este recubrimiento en cera permite que el bulbo se nutra y guarde la humedad necesaria para poder florecer, así es que sólo debes disfrutar del espectáculo. WHITE WAX es porque su cera es blanca, pero puedes elegir que el color de tu flor sea blanca o roja."
Corazón Verde,Arreglo floral decorativo,Flores en Plantas / Plantas con flores artificiales en Flora artificial,No,Decoración independiente (forma de corazón),Base floral / OASIS,Verde,Hortensias,,30 x 25 x 10 cm,,Verde,$46.000,$46.000,"Un arreglo que no necesita más palabras. ¿Cómo cuidarlo? Simple: mantener en lugares frescos, sin sol directo y bien hidratado. Preocúpate de mantenerlo siempre hidratado, proporcionándole agua con una regadera directamente al OASIS (material en donde se acomodan las flores). A diferencia de otras flores, a las hortensias les hace bien ser rociadas con agua, les da frescura y fuerza a sus miles de pequeñas 'sub-flores'."
Paris,Bouquet/Ramo,Flores recién cortadas en Regalos,No,Sin florero (ramo),Papel,Fucsia/rosa fuerte,Flores mixtas de temporada,,,,Fucsia/rosa fuerte,$48.000,$48.000,"Bouquet pensado precisamente para el día del amor. Mezclamos distintos tonos que transmitan ese cariño y pasión por la otra persona, que no necesariamente es un enamorado. Regalemos flores a todos quienes queremos: amantes, amigos y familia. Muchas personas creen que hay que quitarles la amarra para ponerlos en agua, pero ¡no! La gracia del bouquet es su forma redonda y apretada, y para llegar a ella una persona se puede demorar hasta 1 hora. Para una mejor durabilidad hay que dejarlas lejos de sol directo o cualquier fuente de calor directa (por ejemplo radiadores), cambia el agua cada dos días y cada vez que lo hagas ve de cortarle un poco los tallos para que las flores puedan succionar mejor el agua."
Escarla,Ramo,Flores recién cortadas en Regalos,No,Sin florero (ramo),Papel,Rojo/burdeo,Flores mixtas de temporada,,,,Rojo/burdeo,$58.000,$58.000,"Ramo pensado precisamente para el día del amor. Mezclamos distintos tonos que transmitan ese cariño y pasión por la otra persona, que no necesariamente es un enamorado! Regalemos flores a todos quienes queremos: amantes, amigos y familia. Muchas personas creen que hay que quitarles la amarra para ponerlos en agua, pero ¡no! Hay que ponerlo tal cual, sino pierde toda la forma y la manera precisa en que está puesta cada flor."
MEI Bologna,Arreglo floral,Flores recién cortadas en Regalos,Sí,Contenedor,Vidrio o cerámica,Morado/violeta con verdes,Flores mixtas de temporada,,40 x 50 cm,,Morado/violeta con verdes,$98.000,$98.000,"Las flores pueden variar debido a las temporadas, se mantiene siempre el colorido. Para que tu arreglo tenga una vida útil más larga te recomendamos sacarlo por las noches a un lugar frío, porque en general el calor y la falta de agua son el gran enemigo de las flores de corte. Para este último punto, debes checkear con tu dedo que el OASIS (material en donde se acomodan las flores) esté siempre mojado. Ahora, ¿cómo hidratarlas? Nunca debes 'regar' las flores por encima, sino que hacer un espacio para que el agua -con tu regadera o botella- llegue directamente al OASIS. Retirar las flores que estén moribundas, así evitas la acumulación de bacterias y las que quedan se verán más frescas."
Cubo Andino,Arreglo floral,Flores en Plantas,Sí,Cubo,Vidrio o cerámica,Verde/amarillo,Alstromerias (colores a consultar),,30 x 25 cm,,Verde/amarillo,$38.000,$38.000,"Puedes consultar el colorido de alstromerias para elegir. Para que tu arreglo tenga una vida útil más larga te recomendamos sacarlo por las noches a un lugar frío, porque en general el calor y la falta de agua son el gran enemigo de las flores de corte. Para este último punto, debes checkear con tu dedo que el OASIS (material en donde se acomodan las flores) esté siempre mojado. Ahora, ¿cómo hidratarlas? Nunca debes 'regar' las flores por encima, sino que hacer un espacio para que el agua -con tu regadera o botella- llegue directamente al OASIS. Retirar las flores que estén moribundas, así evitas la acumulación de bacterias y las que quedan se verán más frescas."
Cántaro,Arreglo floral,Flores en Plantas,Sí,Cántaro,Cerámica,Rosa/fucsia,Flores mixtas de temporada,,45 x 35 cm,,Rosa/fucsia,$43.000,$43.000,"Las flores pueden variar debido a las temporadas, se mantiene siempre el colorido. Para que tu arreglo tenga una vida útil más larga te recomendamos sacarlo por las noches a un lugar frío, porque en general el calor y la falta de agua son el gran enemigo de las flores de corte. Recuerda checkear que siempre esté con agua y nunca es malo ir cambiándola. Retirar las flores que estén moribundas, así evitas la acumulación de bacterias y las que quedan se verán más frescas."
Frutteto Moon,Arreglo floral,Flores en Plantas,Sí,Contenedor,Vidrio o cerámica,Blanco/verde/rosa pálido,Flores mixtas de temporada,,60 x 60 cm,,Blanco/verde/rosa pálido,$148.000,$148.000,"Las flores pueden variar debido a las temporadas, se mantiene siempre el colorido. Para que tu arreglo tenga una vida útil más larga te recomendamos sacarlo por las noches a un lugar frío, porque en general el calor y la falta de agua son el gran enemigo de las flores de corte. Para este último punto, debes checkear con tu dedo que el OASIS (material en donde se acomodan las flores) esté siempre mojado. Ahora, ¿cómo hidratarlas? Nunca debes 'regar' las flores por encima, sino que hacer un espacio para que el agua -con tu regadera o botella- llegue directamente al OASIS. Retirar las flores que estén moribundas, así evitas la acumulación de bacterias y las que quedan se verán más frescas."
Iris Milán,Arreglo floral,Flores en Plantas,Sí,Florero de vidrio,Vidrio,Azul o Blanco,Iris,,,,"Azul, Blanco",Todas — $64.000,$64.000,"¡Poner atención de que estén suficientemente hidratadas! Siempre es bueno sacarlas por la noche para que se refresquen y duren más debido a las calefacciones de las casas. Nunca poner el arreglo bajo el sol, cambia el agua del florero seguido y cada vez que lo hagas aprovecha de cortar un poco el tallo para asegurarte de que succionen de manera eficiente."
Paila griega,Arreglo floral,Flores en Plantas / Flores recién cortadas en Regalos,Sí,Paila,Metal o cerámica,Multicolor,Flores mixtas de temporada,"S, M, L","S: 35×40, M: 40×50, L: 45×55",,Multicolor,"S — $95.000, M — $110.000, L — $140.000",,"Las flores pueden variar debido a las temporadas, se mantiene siempre el colorido. Para que tu arreglo tenga una vida útil más larga te recomendamos sacarlo por las noches a un lugar frío, porque en general el calor y la falta de agua son el gran enemigo de las flores de corte. Para este último punto, debes checkear con tu dedo que el OASIS (material en donde se acomodan las flores) esté siempre mojado. Ahora, ¿cómo hidratarlas? Nunca debes 'regar' ni rociar las flores por encima, sino que hacer un espacio para que el agua -con tu regadera o botella- llegue directamente al OASIS. Retirar las flores que estén moribundas, así evitas la acumulación de bacterias y las que quedan se verán más frescas."
Liliums en frutera,Planta en maceta (Lilium),Plantas de interior en macetas,Sí,Maceta/contenedor,Cerámica,Amarillo o Naranjo,Lilium,,50 x 25 cm,,"Amarillo, Naranjo",Todas — $38.000,$38.000,Regalar flores en planta se está convirtiendo en una muy buena opción para regalar debido a tener una vida útil más larga. Después de su floración se deben trasplantar a tierra para que drene el agua y el próximo año vuelvan a florecer.
Pie de Urna en blancos,Arreglo floral funerario (Pie de Urna),Artículos para ceremonias conmemorativas en Elementos religiosos y ceremoniales,Sí,Base/canasto,Mimbre,Blanco,Flores mixtas blancas de temporada,"S, M, L, XL","S: 55×60, M: 65×70, L: 75×80, XL: 85×90",Medio ruedo 180°,Blanco,"S — $80.000, M — $100.000, L — $150.000, XL — $190.000",,"Las flores pueden variar debido a las temporadas, se mantiene siempre el colorido. Arreglo de condolencias de medio ruedo en tonos blancos. Base en canasto con fin de ser fácil de mover y transportar."
Boina 3L premium,Planta de orquídeas premium en maceta (3 litros),Flores en Plantas,Sí,Maceta,Cerámica o vidrio,Blanco,Orquídeas,,,,Blanco,$195.000,$195.000,"Las orquídeas deben recibir mucha luz, pero igual que en la naturaleza, debe ser de manera indirecta para evitar quemaduras solares. La planta debe ser regada solo una vez que el musgo se encuentre seco (cada 10 - 15 días dependiendo de su humedad). En caso de que haya un exceso en el riego, es importante retirar el agua sobrante. En invierno es recomendable regar entre 11 y 14 hrs. Si la temperatura es menor a 15°C, es mejor no regar. Por otra parte, otro consejo importante para mantener a las orquídeas sanas es utilizar un recipiente transparente, de forma que sus raíces también reciban la luz solar y puedan llevar a cabo la fotosíntesis. La floración es una vez al año y puede durar entre 2 a 4 meses. Una vez que todas sus flores se sequen, debes cortar los tallos justo por debajo de ellas, ya que esos serán los brotes del próximo año. Tip: Si tienes sustrato especial para orquídeas sugerimos (una vez que haya acabado su floración) abonarle unas gotitas cada dos semanas."
Boina 2L premium,Planta de orquídeas premium en maceta (2 litros),Plantas de interior en macetas en Plantas de interior y exterior,Sí,Maceta,Cerámica o vidrio,Blanco,Orquídeas,,,,Blanco,$160.000,$160.000,"Las orquídeas deben recibir mucha luz, pero igual que en la naturaleza, debe ser de manera indirecta para evitar quemaduras solares. La planta debe ser regada solo una vez que el musgo se encuentre seco (cada 10 - 15 días dependiendo de su humedad). En caso de que haya un exceso en el riego, es importante retirar el agua sobrante. En invierno es recomendable regar entre 11 y 14 hrs. Si la temperatura es menor a 15°C, es mejor no regar. Por otra parte, otro consejo importante para mantener a las orquídeas sanas es utilizar un recipiente transparente, de forma que sus raíces también reciban la luz solar y puedan llevar a cabo la fotosíntesis. La floración es una vez al año y puede durar entre 2 a 4 meses. Una vez que todas sus flores se sequen, debes cortar los tallos justo por debajo de ellas, ya que esos serán los brotes del próximo año. Tip: Si tienes sustrato especial para orquídeas sugerimos (una vez que haya acabado su floración) abonarle unas gotitas cada dos semanas."
Multiflora,Planta de orquídeas en maceta,Flores en Plantas,Sí,Maceta,Cerámica o vidrio,Rosa/fucsia,Orquídeas,,,,Rosa/fucsia,$65.000,$65.000,"Las orquídeas deben recibir mucha luz, pero igual que en la naturaleza, debe ser de manera indirecta para evitar quemaduras solares. La planta debe ser regada solo una vez que el musgo se encuentre seco (cada 10 - 15 días dependiendo de su humedad). En caso de que haya un exceso en el riego, es importante retirar el agua sobrante. En invierno es recomendable regar entre 11 y 14 hrs. Si la temperatura es menor a 15°C, es mejor no regar. Por otra parte, otro consejo importante para mantener a las orquídeas sanas es utilizar un recipiente transparente, de forma que sus raíces también reciban la luz solar y puedan llevar a cabo la fotosíntesis. La floración es una vez al año y puede durar entre 2 a 4 meses. Una vez que todas sus flores se sequen, debes cortar los tallos justo por debajo de ellas, ya que esos serán los brotes del próximo año. Tip: Si tienes sustrato especial para orquídeas sugerimos (una vez que haya acabado su floración) abonarle unas gotitas cada dos semanas."
Bandeja Red,Arreglo floral artificial,Plantas con flores artificiales en Flora artificial,Sí,Bandeja,Madera o cerámica,Rojo,Rosas artificiales,,18 x 30 x 30 cm,,Rojo,$85.000,$85.000,"Las rosas son flores super resistentes que pueden llegar a durar hasta 15 días dependiendo de su variedad y de los cuidados que le proporcionemos. ¿Cómo cuidarla? Simple: mantener en lugares frescos, sin sol directo y bien hidratadas. Fíjate de que su florero tenga siempre agua al menos hasta la mitad, y cuando debas rellenarlo no lo hagas por sobre la flor, estas no deben ser 'regadas' ni rociadas, hazlo por un espacio que vaya directamente al OASIS (material en donde se acomodan las flores)."
Corazón de rosas,Arreglo decorativo en forma de corazón,Flora artificial en Decoración,No,Decoración independiente,Base floral / OASIS,Rojo,Rosas,,35 x 35 x 13 cm,,Rojo,$80.000,$80.000,"Un arreglo que no necesita más palabras. ¿Cómo cuidarlo? Simple: mantener en lugares frescos, sin sol directo y bien hidratadas. Preocúpate de mantenerlo siempre hidratado, proporcionándole agua con una regadera directamente al OASIS (material en donde se acomodan las flores)."
Tulipanes x 25,Ramo de tulipanes (25 varas),Flores en Plantas,No,Sin florero,—,Rojo (según foto),25 tulipanes,,,,Variable (consultar),$57.000,$57.000,"Los tulipanes son flores que curiosamente aún después de ser cortadas siguen creciendo. Así es, su tallo se continúa desarrollando post corte, por lo que probablemente tu arreglo irá cambiando de forma. A nosotras nos gusta ese cambio, pero si ese no fuera tu caso, siempre puedes cortarles un poco su tallo y aprovechar de cambiarles el agua. ¡Ojo que son muy sedientas! Mantenlas siempre hidratadas, no las dejes en lugares calurosos y evita la luz directa del sol. Consulta las opciones de colores disponibles."
Amaryllis box,Planta de Amaryllis en maceta,Flores en Plantas,Sí,Maceta con drenaje,Plástico,Rojo,Amaryllis,,,,Rojo,$18.000,$18.000,"Esta es una muy buena opción para quienes quieran gastar menos. Además es un regalo que perdura en el tiempo, ya que florecen todos los años si pasan de bulbo a tierra o a un macetero con drenaje (con un hoyo). Para una mejor duración debes mantenerlos en lugares frescos -nunca con luz directa o cerca de una fuente de calor- y el riego depende de la humedad de la tierra. ¡Disfruta del espectáculo! *Viene 1 bulbo en macetero plástico; puedes traspasarlo a un florero mientras dure su floración o simplemente sobreponerlo en algún recipiente. La presentación es igual a la foto."
Florero book + Tulipanes,Florero + Tulipanes,Flores en Plantas,Sí,Florero de acrílico tipo libro,Acrílico,Rojo (según foto),12 tulipanes aprox,,Florero: 20 x 15 x 4 cm,,Variable (consultar),$43.000,$43.000,"¡Seguro sorprenderás con este regalo! El florero es hecho en acrílico y va acompañado de 12 varas de tulipanes aproximadamente. Los tulipanes son flores que curiosamente aún después de ser cortadas siguen creciendo. Así es, su tallo se continúa desarrollando post corte, por lo que probablemente tu arreglo irá cambiando de forma. A nosotras nos gusta ese cambio, pero si ese no fuera tu caso, siempre puedes cortarles un poco su tallo y aprovechar de cambiarles el agua. ¡Ojo que son muy sedientas! Mantenlas siempre hidratadas, no las dejes en lugares calurosos y evita la luz directa del sol. Ojo que hay que consultar el colorido disponible."
Florero Book,Florero/Insumo,Floreros en Decoración,Sí,Florero de acrílico,Acrílico transparente,Transparente,—,,20 x 15 x 4 cm,,Transparente,$25.000,$25.000,"Florero transparente en forma de libro, material acrílico. Puedes usarlo con varias flores o simplemente ponerle una vara, de todas formas se ve elegante y lindo. Su tamaño es perfecto para darle un toque especial a cualquier rincón de tu casa, no ocupa mucho espacio y luce mucho. El florero no incluye flores."
Campana blanco y verde,Arreglo floral,Flores en Plantas,Sí,Contenedor,Vidrio o cerámica,Blanco y verde,Flores mixtas de temporada,,55 x 40 cm,,Blanco y verde,$84.000,$84.000,"Las flores pueden variar debido a las temporadas, se mantiene siempre el colorido. Para que tu arreglo tenga una vida útil más larga te recomendamos sacarlo por las noches a un lugar frío, porque en general el calor y la falta de agua son el gran enemigo de las flores de corte. Para este último punto, debes checkear con tu dedo que el OASIS (material en donde se acomodan las flores) esté siempre mojado. Ahora, ¿cómo hidratarlas? Nunca debes 'regar' las flores por encima, sino que hacer un espacio para que el agua -con tu regadera o botella- llegue directamente al OASIS. Retirar las flores que estén moribundas, así evitas la acumulación de bacterias y las que quedan se verán más frescas."
Pie de Urna Ocaso,Arreglo floral funerario (Pie de Urna),Artículos para ceremonias conmemorativas en Elementos religiosos y ceremoniales,Sí,Canasto rectangular con asa,Mimbre,"Crema, verdes y azules",Flores mixtas de temporada,"S, M, L, XL","S: 55×60, M: 65×70, L: 75×80, XL: 85×90",Medio ruedo 180°,"Crema, verdes y azules","S — $80.000, M — $100.000, L — $150.000, XL — $190.000",,"Las flores pueden variar debido a las temporadas, se mantiene siempre el colorido. Arreglo de condolencias de medio ruedo (180°) en elegantes tonos crema, verdes y azules. Cada arreglo viene en un canasto rectangular con asa, diseñado para facilitar su manipulación y transporte. Disponibles en cuatro tamaños diferentes para adaptarse a tus necesidades."
Canasto 360° sólo rosas,Canasto floral funerario 360°,Artículos para ceremonias conmemorativas en Elementos religiosos y ceremoniales,Sí,Canasto,Mimbre,Blanco (rosas),Rosas únicamente,"S, M, L","S: 35×40, M: 45×50, L: 55×60",Ruedo completo 360°,Blanco,"S — $100.000, M — $140.000, L — $170.000",,"Este arreglo es de ruedo completo, lo que significa que está adornado con flores en todos sus lados, proporcionando una linda vista desde cualquier ángulo. Cuenta con un asa que facilita su transporte y movimiento. Este arreglo se compone únicamente de rosas. Disponemos de tres tamaños para adaptarnos a sus necesidades."
Canasto 360° en blancos,Canasto floral funerario 360°,Flores en Plantas / Artículos para ceremonias conmemorativas en Elementos religiosos y ceremoniales,Sí,Canasto,Mimbre,Blanco,Flores mixtas blancas de temporada,"S, M, L","S: 35×40, M: 45×50, L: 55×60",Ruedo completo 360°,Blanco,"S — $55.000, M — $73.000, L — $92.000",,"Las flores pueden variar debido a las temporadas, se mantiene siempre el colorido. Este arreglo de condolencias en tonos blancos es de ruedo completo, lo que significa que está adornado con flores en todos sus lados, proporcionando una linda vista desde cualquier ángulo. Cuenta con un asa que facilita su transporte y movimiento. Disponemos de tres tamaños para adaptarnos a sus necesidades."
Sobre Urna en blancos y azules,Arreglo floral para urna,Flores en Plantas / Artículos para ceremonias conmemorativas en Elementos religiosos y ceremoniales,No,Diseñado para ponerse sobre urna,Base floral / OASIS,Blancos y azules,Flores mixtas de temporada,"S, M, L","S: 75×50, M: 100×50, L: 140×50",,Blancos y azules,"S — $100.000, M — $150.000, L — $280.000",,"Las flores pueden variar debido a las temporadas, se mantiene siempre el colorido. Este arreglo floral está diseñado para ponerse sobre la urna. Ofrecemos tres opciones de tamaño, variando únicamente en el largo. Las flores seleccionadas dependerán de la estación del año, sin embargo siempre se respetará el colorido de la composición de la foto."
Pie de Urna en blancos y celestes,Arreglo floral funerario (Pie de Urna),Artículos para ceremonias conmemorativas en Elementos religiosos y ceremoniales,Sí,Canasto rectangular con asa,Mimbre,Blancos y azules claros,Flores mixtas de temporada,"S, M, L, XL","S: 55×60, M: 65×70, L: 75×80, XL: 85×90",Medio ruedo 180°,Blancos y azules claros,"S — $80.000, M — $100.000, L — $150.000, XL — $190.000",,"Las flores pueden variar debido a las temporadas, se mantiene siempre el colorido. Arreglo de condolencias de medio ruedo (180°), en elegantes tonos blancos y azules claros. Este arreglo lleva flores en su parte frontal, lo que nos da la capacidad de hacerlo con mayor altura. Cada arreglo viene en un canasto rectangular con asa, diseñado para facilitar su manipulación y transporte. Disponibles en cuatro tamaños diferentes para adaptarse a tus necesidades."
Sobre Urna Floresta,Arreglo floral para urna (tipo jardín),Artículos para ceremonias conmemorativas en Elementos religiosos y ceremoniales,No,Diseñado para ponerse sobre urna,Base floral / OASIS,Multicolor (estilo jardín),Flores mixtas de temporada,,100 × 50 cm,,Multicolor,$220.000,$220.000,"Este arreglo floral está diseñado específicamente para ponerse sobre la urna. Consta de dos partes, lo que permite darle una forma que simula un jardín, donde las flores están dispuestas verticalmente, imitando su crecimiento natural. Sólo existe un tamaño para este modelo. Las flores seleccionadas dependerán de la estación del año, sin embargo siempre se respetará el colorido de la composición de la foto."
Canasto 360° Serena,Canasto floral funerario 360°,Artículos para ceremonias conmemorativas en Elementos religiosos y ceremoniales,Sí,Canasto,Mimbre,Blancos y verdes,Flores mixtas de temporada,,55 × 60 cm,Ruedo completo 360°,Blancos y verdes,$205.000,$205.000,"Este arreglo en colores blancos y verdes es de ruedo completo, lo que significa que está adornado con flores en todos sus lados, proporcionando una linda vista desde cualquier ángulo. Cuenta con un asa que facilita su transporte y movimiento."
Libro LuciaJuana,Libro para colorear/Insumo,Papel para dibujo y pintura en Papel para manualidades,No,—,—,—,—,,30 × 45 cm,,—,$42.990,$42.990,"Ilustraciones para pintar, relajarte y decorar tu casa. La artista Lucía Balbontín lanzó la segunda edición de sus libros para colorear, y ahora están disponibles en nuestra tienda. En esta versión tamaño XL (30 x 45 cm), encontrarás 20 ilustraciones de flores, todas dibujadas a mano e impresas en papel duplex, ideal para acuarelas. ¡Atrévete a crear tu propia obra de arte para enmarcar! Cada hoja cuenta con prepicado para facilitar el proceso."
